'track','setup','tyre lf','tyre rf','tyre lr','tyre rr','cam lf','cam rf','cam lr','cam rr','toe fl','toe fr','toe lr','toe rr','cas lf','cas rf','steer','tc1','tc2','abs','ecu','mix','fuel','pad f','pad r','roll f','roll r','spring lf','spring rf','spring lr','spring rr','bsup lf','bsup rf','bsup lr','bsup rr','bsdn lf','bsdn rf','bsdn lr','bsdn rr','bsw lf','bsw rf','bsw lr','bsw rr','bias','bs lf','bs rf','bs lr','bs rr','bf lf','bf rf','bf lr','bf rr','rs lf','rs rf','rs lr','rs rr','rf lf','rf rf','rf lr','rf rr','rh lf','rh rf','rh lr','rh rr','wing','duc f','duc r','preload','fuelPerLap','20m'
,Barcelona,132 Agg.json,52,70,57,70,52,70,57,70,12,12,13,13,12,12,13,13,32,32,50,50,32,32,50,50,46,46,4,3,3,4,0,0,38,3,3,26,18,8,8,3,3,8,8,3,3,7,7,2,2,7,7,2,2,0,0,10,10,0,0,10,10,0,0,50,50,0,0,50,50,53,5,5,4,4,5,5,4,4,2,2,3,3,2,2,3,3,7,7,5,5,7,7,5,5,4,4,4,4,4,4,4,4,0,6,4,18,0,6,4,18,10,3,2,3,2,2,,
,Barcelona,488 Quali Barcelona Academy.json,56,57,54,59,56,57,54,59,8,8,12,12,8,8,12,12,28,28,48,48,28,28,48,48,35,35,4,4,2,2,0,0,0,3,3,24,12,8,8,5,5,8,8,5,5,4,4,9,9,4,4,9,9,0,0,10,10,0,0,10,10,2,2,50,50,2,2,50,50,48,6,6,5,5,6,6,5,5,5,5,4,4,5,5,4,4,6,6,5,5,6,6,5,5,5,5,4,4,5,5,4,4,0,6,8,18,0,6,8,18,12,2,2,2,2,13,,
,Barcelona,488 Race Barcelona 1 47 1 20m.json,61,62,59,64,61,62,59,64,8,8,12,12,8,8,12,12,30,30,48,48,30,30,48,48,35,35,4,4,2,2,0,0,29,3,3,20,10,7,7,5,5,7,7,5,5,6,6,9,9,6,6,9,9,0,0,10,10,0,0,10,10,2,2,50,50,2,2,50,50,48,7,7,5,5,7,7,5,5,5,5,4,4,5,5,4,4,6,6,5,5,6,6,5,5,5,5,4,4,5,5,4,4,0,6,5,18,0,6,5,18,10,2,2,2,2,11,,
,Barcelona,488 Race Barcelona Academy.json,56,57,54,59,56,57,54,59,8,8,12,12,8,8,12,12,30,30,48,48,30,30,48,48,35,35,4,4,2,2,0,0,0,3,3,20,10,7,7,5,5,7,7,5,5,6,6,9,9,6,6,9,9,0,0,10,10,0,0,10,10,2,2,50,50,2,2,50,50,48,7,7,5,5,7,7,5,5,5,5,4,4,5,5,4,4,6,6,5,5,6,6,5,5,5,5,4,4,5,5,4,4,0,6,5,18,0,6,5,18,10,2,2,2,2,11,,
,Barcelona,Safe 1 46 1.json,55,69,57,65,55,69,57,65,14,14,18,18,14,14,18,18,30,30,55,55,30,30,55,55,50,50,4,2,5,3,0,0,29,3,3,26,2,8,8,3,3,8,8,3,3,5,5,2,2,5,5,2,2,0,0,10,10,0,0,10,10,0,0,50,50,0,0,50,50,37,8,8,6,6,8,8,6,6,2,2,3,3,2,2,3,3,4,4,3,3,4,4,3,3,4,4,4,4,4,4,4,4,3,6,5,18,3,6,5,18,13,3,2,3,2,15,,
,brands_hatch,132 Agg.json,64,67,64,68,64,67,64,68,14,14,18,18,14,14,18,18,30,30,55,54,30,30,55,54,50,50,3,2,2,3,0,0,55,0,0,24,2,8,8,3,3,8,8,3,3,7,7,2,2,7,7,2,2,0,0,10,10,0,0,10,10,0,0,50,50,0,0,50,50,39,8,8,6,6,8,8,6,6,2,2,3,3,2,2,3,3,5,5,3,3,5,5,3,3,4,4,4,4,4,4,4,4,3,6,5,18,3,6,5,18,13,3,2,3,2,15,,
,brands_hatch,488 Brand Hatch Quali Academy.json,50,55,48,50,50,55,48,50,10,10,12,12,10,10,12,12,32,32,48,48,32,32,48,48,46,46,4,2,2,2,0,0,0,1,1,20,5,6,6,2,2,6,6,2,2,5,5,9,9,5,5,9,9,0,0,10,10,0,0,10,10,5,5,55,55,5,5,55,55,43,7,7,5,5,7,7,5,5,3,3,3,3,3,3,3,3,8,8,6,6,8,8,6,6,4,4,4,4,4,4,4,4,1,6,2,18,1,6,2,18,10,2,2,2,2,12,,
,brands_hatch,488 Brands Hatch Race Academy.json,44,61,40,55,44,61,40,55,10,10,14,14,10,10,14,14,32,32,52,52,32,32,52,52,46,46,4,2,2,2,0,0,88,0,0,18,4,6,6,1,1,6,6,1,1,5,5,9,9,5,5,9,9,0,0,10,10,0,0,10,10,5,5,55,55,5,5,55,55,49,7,7,5,5,7,7,5,5,3,3,3,3,3,3,3,3,8,8,6,6,8,8,6,6,4,4,4,4,4,4,4,4,1,6,1,18,1,6,1,18,12,2,2,2,2,15,,
,brands_hatch,AggPre.json,14,19,11,15,14,19,11,15,10,10,13,13,10,10,13,13,31,31,50,50,31,31,50,50,46,46,4,2,3,3,0,0,60,undefined,undefined,27,7,3,3,3,3,3,3,3,3,7,7,2,2,7,7,2,2,0,0,10,10,0,0,10,10,0,0,50,50,0,0,50,50,53,8,8,5,5,8,8,5,5,2,2,3,3,2,2,3,3,7,7,5,5,7,7,5,5,4,4,4,4,4,4,4,4,2,6,3,18,2,6,3,18,14,2,1,2,1,15,,
,brands_hatch,safe 1 25 9.json,29,29,23,23,29,29,23,23,14,14,18,18,14,14,18,18,20,20,60,60,20,20,60,60,46,46,4,3,3,4,0,0,28,undefined,undefined,27,1,3,3,3,3,3,3,3,3,5,5,2,2,5,5,2,2,0,0,10,10,0,0,10,10,2,2,50,50,2,2,50,50,40,8,8,6,6,8,8,6,6,2,2,3,3,2,2,3,3,4,4,3,3,4,4,3,3,4,4,4,4,4,4,4,4,3,6,3,18,3,6,3,18,11,4,4,4,4,15,,
,brands_hatch,tryme.json,15,21,11,15,15,21,11,15,9,9,12,12,9,9,12,12,31,31,50,50,31,31,50,50,46,46,4,2,3,3,0,0,60,undefined,undefined,27,10,3,3,3,3,3,3,3,3,3,3,2,2,3,3,2,2,0,0,10,10,0,0,10,10,0,0,50,50,0,0,50,50,43,8,8,5,5,8,8,5,5,2,2,3,3,2,2,3,3,7,7,5,5,7,7,5,5,4,4,4,4,4,4,4,4,2,6,3,18,2,6,3,18,14,2,2,2,2,8,,
,Hungaroring,1 47 6 safe.json,24,24,16,16,24,24,16,16,14,14,18,18,14,14,18,18,20,20,60,60,20,20,60,60,46,46,4,4,4,5,0,0,60,undefined,undefined,22,1,4,4,2,2,4,4,2,2,6,6,2,2,6,6,2,2,0,0,10,10,0,0,10,10,2,2,50,50,2,2,50,50,38,8,8,8,8,8,8,8,8,2,2,3,3,2,2,3,3,3,3,3,3,3,3,3,3,4,4,4,4,4,4,4,4,3,6,2,18,3,6,2,18,12,4,4,4,4,9,,
,Hungaroring,132 Agg 1 47 9.json,63,69,59,63,63,69,59,63,18,18,18,18,18,18,18,18,30,30,56,56,30,30,56,56,46,46,3,2,2,3,0,0,37,0,0,29,2,8,8,5,5,8,8,5,5,7,7,2,2,7,7,2,2,0,0,10,10,0,0,10,10,2,2,50,50,2,2,50,50,42,8,8,5,5,8,8,5,5,2,2,3,3,2,2,3,3,7,7,5,5,7,7,5,5,4,4,4,4,4,4,4,4,0,6,2,18,0,6,2,18,11,2,1,2,1,12,,
,Hungaroring,132 Agg.json,65,72,64,65,65,72,64,65,12,12,13,13,12,12,13,13,30,30,60,60,30,30,60,60,46,46,4,2,2,2,0,0,41,3,3,24,3,8,8,1,1,8,8,1,1,7,7,2,2,7,7,2,2,0,0,10,10,0,0,10,10,2,2,50,50,2,2,50,50,53,6,6,5,5,6,6,5,5,2,2,3,3,2,2,3,3,5,5,5,5,5,5,5,5,4,4,4,4,4,4,4,4,0,6,2,18,0,6,2,18,11,2,1,2,1,18,,
,Hungaroring,488 Hungary Quali Academy.json,50,57,47,48,50,57,47,48,12,12,15,15,12,12,15,15,32,32,50,50,32,32,50,50,46,46,4,3,2,3,0,0,0,0,0,22,14,7,7,2,2,7,7,2,2,9,9,7,7,9,9,7,7,0,0,10,10,0,0,10,10,2,2,50,50,2,2,50,50,40,7,7,4,4,7,7,4,4,2,2,3,3,2,2,3,3,6,6,5,5,6,6,5,5,4,4,4,4,4,4,4,4,0,6,2,18,0,6,2,18,14,2,2,2,2,13,,
,Hungaroring,488 Hungary Race Academy.json,50,57,47,48,50,57,47,48,12,12,15,15,12,12,15,15,35,35,54,54,35,35,54,54,46,46,4,3,2,3,0,0,99,1,1,23,10,7,7,2,2,7,7,2,2,9,9,7,7,9,9,7,7,0,0,10,10,0,0,10,10,2,2,50,50,2,2,50,50,42,7,7,4,4,7,7,4,4,2,2,3,3,2,2,3,3,6,6,5,5,6,6,5,5,4,4,4,4,4,4,4,4,0,6,1,18,0,6,1,18,12,3,2,3,2,17,,
,Hungaroring,AggPre.json,10,17,7,8,10,17,7,8,12,12,13,13,12,12,13,13,30,30,60,60,30,30,60,60,46,46,4,1,3,1,0,0,42,undefined,undefined,24,3,3,3,1,1,3,3,1,1,7,7,2,2,7,7,2,2,0,0,10,10,0,0,10,10,2,2,50,50,2,2,50,50,57,6,6,5,5,6,6,5,5,2,2,3,3,2,2,3,3,5,5,5,5,5,5,5,5,4,4,4,4,4,4,4,4,0,6,2,18,0,6,2,18,11,2,1,2,1,18,,
,Hungaroring,less firm more roll 1 47 4.json,24,24,16,16,24,24,16,16,14,14,18,18,14,14,18,18,25,25,55,55,25,25,55,55,46,46,4,4,4,5,0,0,48,undefined,undefined,29,12,3,3,1,1,3,3,1,1,4,4,2,2,4,4,2,2,0,0,10,10,0,0,10,10,1,1,50,50,1,1,50,50,38,8,8,8,8,8,8,8,8,2,2,3,3,2,2,3,3,3,3,3,3,3,3,3,3,4,4,4,4,4,4,4,4,1,6,1,18,1,6,1,18,13,2,2,2,2,9,,
,Hungaroring,Paul Richard Fast.json,20,25,20,26,20,25,20,26,12,12,14,14,12,12,14,14,30,30,50,50,30,30,50,50,46,46,4,4,4,5,0,0,35,undefined,undefined,33,5,4,4,1,1,4,4,1,1,8,8,2,2,8,8,2,2,0,0,10,10,0,0,10,10,0,0,50,50,0,0,50,50,44,9,9,5,5,9,9,5,5,3,3,4,4,3,3,4,4,5,5,5,5,5,5,5,5,6,6,6,6,6,6,6,6,2,6,1,18,2,6,1,18,3,2,2,2,2,24,,
,Hungaroring,stiff fr.json,12,17,7,8,12,17,7,8,14,14,13,13,14,14,13,13,30,30,60,60,30,30,60,60,46,46,4,1,1,2,0,0,42,undefined,undefined,37,20,3,3,1,1,3,3,1,1,7,7,2,2,7,7,2,2,0,0,10,10,0,0,10,10,2,2,50,50,2,2,50,50,33,6,6,5,5,6,6,5,5,2,2,3,3,2,2,3,3,5,5,5,5,5,5,5,5,4,4,4,4,4,4,4,4,0,6,2,18,0,6,2,18,14,2,2,2,2,4,,
,Kyalami,132 aGG 1 42 8.json,68,67,69,67,68,67,69,67,16,16,16,16,16,16,16,16,32,32,55,55,32,32,55,55,47,47,3,3,3,4,0,0,33,0,0,36,15,8,8,5,5,8,8,5,5,7,7,2,2,7,7,2,2,0,0,10,10,0,0,10,10,0,0,50,50,0,0,50,50,38,5,5,4,4,5,5,4,4,2,2,3,3,2,2,3,3,7,7,5,5,7,7,5,5,4,4,4,4,4,4,4,4,0,6,4,18,0,6,4,18,10,3,2,3,2,20,,
,Kyalami,132 aGG 1 43 7.json,68,67,69,67,68,67,69,67,16,16,16,16,16,16,16,16,32,32,55,55,32,32,55,55,47,47,3,3,3,4,0,0,33,0,0,36,15,8,8,5,5,8,8,5,5,7,7,2,2,7,7,2,2,0,0,10,10,0,0,10,10,0,0,50,50,0,0,50,50,38,5,5,4,4,5,5,4,4,2,2,3,3,2,2,3,3,7,7,5,5,7,7,5,5,4,4,4,4,4,4,4,4,0,6,4,18,0,6,4,18,10,3,2,3,2,20,,
,Kyalami,132 Aggr.json,71,70,68,66,71,70,68,66,12,12,13,13,12,12,13,13,32,32,60,60,32,32,60,60,46,46,5,3,3,4,0,0,34,1,1,20,22,8,8,4,4,8,8,4,4,7,7,2,2,7,7,2,2,0,0,10,10,0,0,10,10,0,0,50,50,0,0,50,50,42,5,5,4,4,5,5,4,4,2,2,3,3,2,2,3,3,7,7,5,5,7,7,5,5,4,4,4,4,4,4,4,4,0,6,4,18,0,6,4,18,10,4,3,4,3,2,,
,Kyalami,488 Kyalami Quali Academy.json,61,60,60,58,61,60,60,58,12,12,14,14,12,12,14,14,30,30,52,52,30,30,52,52,46,46,4,3,3,4,0,0,0,0,0,18,21,9,9,2,2,9,9,2,2,9,9,2,2,9,9,2,2,0,0,10,10,0,0,10,10,3,3,50,50,3,3,50,50,45,6,6,4,4,6,6,4,4,3,3,3,3,3,3,3,3,7,7,5,5,7,7,5,5,4,4,3,3,4,4,3,3,0,6,4,18,0,6,4,18,14,2,2,2,2,9,,
,Kyalami,488 Kyalami Race Academy.json,61,60,60,58,61,60,60,58,12,12,14,14,12,12,14,14,32,32,55,55,32,32,55,55,46,46,4,3,3,4,0,0,98,0,0,21,17,8,8,2,2,8,8,2,2,9,9,2,2,9,9,2,2,0,0,10,10,0,0,10,10,3,3,50,50,3,3,50,50,45,5,5,5,5,5,5,5,5,3,3,3,3,3,3,3,3,6,6,6,6,6,6,6,6,4,4,3,3,4,4,3,3,0,6,2,18,0,6,2,18,12,3,2,3,2,10,,
,Laguna_Seca,132 Aggr 1 25 4.json,63,57,64,61,63,57,64,61,14,14,18,18,14,14,18,18,31,31,54,54,31,31,54,54,48,48,4,2,3,2,0,0,40,3,3,26,2,8,8,3,3,8,8,3,3,5,5,2,2,5,5,2,2,0,0,10,10,0,0,10,10,0,0,50,50,0,0,50,50,37,8,8,5,5,8,8,5,5,2,2,3,3,2,2,3,3,5,5,5,5,5,5,5,5,4,4,4,4,4,4,4,4,3,6,5,18,3,6,5,18,13,3,2,3,2,15,,
,Laguna_Seca,132 Aggr t1.json,61,55,62,59,61,55,62,59,14,14,18,18,14,14,18,18,31,31,54,54,31,31,54,54,48,48,4,3,3,4,0,0,36,0,0,26,2,8,8,3,3,8,8,3,3,5,5,2,2,5,5,2,2,0,0,10,10,0,0,10,10,0,0,50,50,0,0,50,50,37,8,8,5,5,8,8,5,5,2,2,3,3,2,2,3,3,5,5,5,5,5,5,5,5,4,4,4,4,4,4,4,4,3,6,5,18,3,6,5,18,13,3,2,3,2,15,,
,Laguna_Seca,132 Aggr.json,69,63,70,67,69,63,70,67,12,12,13,13,12,12,13,13,32,32,50,50,32,32,50,50,48,48,5,3,3,4,0,0,60,1,1,28,14,8,8,3,3,8,8,3,3,7,7,2,2,7,7,2,2,0,0,10,10,0,0,10,10,0,0,50,50,0,0,50,50,43,8,8,5,5,8,8,5,5,2,2,3,3,2,2,3,3,7,7,5,5,7,7,5,5,4,4,4,4,4,4,4,4,0,6,1,18,0,6,1,18,10,3,2,3,2,15,,
,Laguna_Seca,488 Laguna Quali Academy.json,61,55,62,59,61,55,62,59,12,12,13,13,12,12,13,13,34,34,45,45,34,34,45,45,48,48,4,3,3,4,0,0,0,3,3,22,12,7,7,5,5,7,7,5,5,11,11,7,7,11,11,7,7,0,0,10,10,0,0,10,10,2,2,55,55,2,2,55,55,53,6,6,6,6,6,6,6,6,2,2,3,3,2,2,3,3,7,7,5,5,7,7,5,5,4,4,4,4,4,4,4,4,0,6,6,18,0,6,6,18,14,2,2,2,2,11,,
,Laguna_Seca,488 Laguna Race 20m 1 25 4.json,61,55,62,59,61,55,62,59,12,12,13,13,12,12,13,13,32,32,48,48,32,32,48,48,48,48,4,2,2,4,0,0,30,0,0,23,8,8,8,3,3,8,8,3,3,11,11,10,10,11,11,10,10,0,0,10,10,0,0,10,10,5,5,55,55,5,5,55,55,53,7,7,5,5,7,7,5,5,2,2,3,3,2,2,3,3,7,7,5,5,7,7,5,5,4,4,4,4,4,4,4,4,0,6,4,18,0,6,4,18,12,3,2,3,2,14,,
,Laguna_Seca,488 Laguna Race 20m.json,61,55,62,59,61,55,62,59,12,12,13,13,12,12,13,13,32,32,48,48,32,32,48,48,48,48,4,2,2,4,0,0,30,0,0,23,8,8,8,3,3,8,8,3,3,11,11,10,10,11,11,10,10,0,0,10,10,0,0,10,10,5,5,55,55,5,5,55,55,53,7,7,5,5,7,7,5,5,2,2,3,3,2,2,3,3,7,7,5,5,7,7,5,5,4,4,4,4,4,4,4,4,0,6,4,18,0,6,4,18,12,3,2,3,2,14,,
,Laguna_Seca,488 Laguna Race Academy.json,61,55,62,59,61,55,62,59,12,12,13,13,12,12,13,13,32,32,48,48,32,32,48,48,48,48,4,3,3,4,0,0,103,0,0,23,8,8,8,3,3,8,8,3,3,11,11,10,10,11,11,10,10,0,0,10,10,0,0,10,10,5,5,55,55,5,5,55,55,53,7,7,5,5,7,7,5,5,2,2,3,3,2,2,3,3,7,7,5,5,7,7,5,5,4,4,4,4,4,4,4,4,0,6,4,18,0,6,4,18,12,2,2,2,2,14,,
,misano,488 Quali Misano Academy.json,43,49,43,49,43,49,43,49,10,10,14,14,10,10,14,14,22,22,50,50,22,22,50,50,46,46,4,2,2,2,0,0,0,3,3,18,23,8,8,4,4,8,8,4,4,9,9,2,2,9,9,2,2,0,0,10,10,0,0,10,10,5,5,50,50,5,5,50,50,44,8,8,6,6,8,8,6,6,4,4,3,3,4,4,3,3,7,7,5,5,7,7,5,5,4,4,5,5,4,4,5,5,0,6,3,18,0,6,3,18,12,3,3,3,3,12,,
,misano,488 Race 1.5 20m 1 36 2.json,58,64,58,64,58,64,58,64,12,12,15,15,12,12,15,15,26,26,52,52,26,26,52,52,46,46,4,2,2,2,0,0,35,0,0,22,28,8,8,4,4,8,8,4,4,9,9,4,4,9,9,4,4,0,0,10,10,0,0,10,10,3,3,50,50,3,3,50,50,47,7,7,5,5,7,7,5,5,4,4,3,3,4,4,3,3,7,7,4,4,7,7,4,4,5,5,5,5,5,5,5,5,0,6,2,18,0,6,2,18,12,3,3,3,3,13,,
,misano,488 Race Misano Academy.json,43,49,43,49,43,49,43,49,12,12,15,15,12,12,15,15,26,26,52,52,26,26,52,52,46,46,4,2,2,2,0,0,108,1,1,22,28,8,8,4,4,8,8,4,4,9,9,4,4,9,9,4,4,0,0,10,10,0,0,10,10,3,3,50,50,3,3,50,50,47,7,7,5,5,7,7,5,5,4,4,3,3,4,4,3,3,7,7,4,4,7,7,4,4,5,5,5,5,5,5,5,5,0,6,2,18,0,6,2,18,12,3,3,3,3,13,,
,mount_panorama,132 Aggr.json,64,71,63,64,64,71,63,64,12,12,13,13,12,12,13,13,32,32,50,50,32,32,50,50,46,46,4,3,3,4,0,0,60,3,3,27,2,8,8,3,3,8,8,3,3,7,7,2,2,7,7,2,2,0,0,10,10,0,0,10,10,0,0,50,50,0,0,50,50,53,8,8,5,5,8,8,5,5,2,2,3,3,2,2,3,3,7,7,5,5,7,7,5,5,4,4,4,4,4,4,4,4,0,6,1,18,0,6,1,18,13,3,2,3,2,20,,
,mount_panorama,488 Bathurst Quali Academy.json,50,55,48,50,50,55,48,50,12,12,15,15,12,12,15,15,28,28,50,50,28,28,50,50,46,46,4,3,3,4,0,0,0,0,0,25,15,7,7,3,3,7,7,3,3,9,9,4,4,9,9,4,4,0,0,10,10,0,0,10,10,5,5,50,50,5,5,50,50,47,8,8,6,6,8,8,6,6,3,3,3,3,3,3,3,3,5,5,4,4,5,5,4,4,4,4,4,4,4,4,4,4,2,6,0,18,2,6,0,18,4,2,2,2,2,16,,
,mount_panorama,488 Bathurst Race Academy.json,50,55,48,50,50,55,48,50,12,12,15,15,12,12,15,15,32,32,51,51,32,32,51,51,46,46,4,3,3,4,0,0,106,1,1,25,11,8,8,2,2,8,8,2,2,10,10,6,6,10,10,6,6,0,0,10,10,0,0,10,10,5,5,50,50,5,5,50,50,47,7,7,6,6,7,7,6,6,3,3,3,3,3,3,3,3,5,5,5,5,5,5,5,5,4,4,5,5,4,4,5,5,1,6,0,18,1,6,0,18,7,2,2,2,2,18,,
,mount_panorama,unleashed drivers hotlap.json,60,61,62,59,60,61,62,59,8,8,11,11,8,8,11,11,28,28,49,49,28,28,49,49,46,46,2,1,3,4,0,0,0,1,1,13,8,8,8,3,3,8,8,3,3,7,7,2,2,7,7,2,2,0,0,10,10,0,0,10,10,0,0,50,50,0,0,50,50,49,8,8,5,5,8,8,5,5,2,2,3,3,2,2,3,3,7,7,5,5,7,7,5,5,4,4,4,4,4,4,4,4,0,6,4,18,0,6,4,18,10,4,4,4,4,13,,
,nurburgring,132 aGG 1 57 5.json,67,73,64,70,67,73,64,70,12,12,13,13,12,12,13,13,32,32,50,50,32,32,50,50,46,46,5,1,1,3,0,0,43,0,0,30,12,8,8,5,5,8,8,5,5,7,7,2,2,7,7,2,2,0,0,10,10,0,0,10,10,0,0,50,50,0,0,50,50,39,8,8,5,5,8,8,5,5,2,2,3,3,2,2,3,3,7,7,5,5,7,7,5,5,4,4,4,4,4,4,4,4,0,6,1,18,0,6,1,18,10,3,2,3,2,15,,
,nurburgring,488 Nurburg Quali Academy.json,64,69,60,67,64,69,60,67,10,10,15,15,10,10,15,15,28,28,50,50,28,28,50,50,41,41,4,2,2,3,0,0,0,0,0,22,16,7,7,2,2,7,7,2,2,8,8,8,8,8,8,8,8,0,0,10,10,0,0,10,10,3,3,55,55,3,3,55,55,44,7,7,4,4,7,7,4,4,4,4,3,3,4,4,3,3,5,5,6,6,5,5,6,6,5,5,4,4,5,5,4,4,0,6,2,18,0,6,2,18,12,2,2,2,2,14,,
,nurburgring,488 Nurburg Race 20m.json,65,67,62,68,65,67,62,68,10,10,17,17,10,10,17,17,31,31,52,52,31,31,52,52,41,41,3,2,2,3,0,0,36,3,3,21,14,8,8,3,3,8,8,3,3,8,8,7,7,8,8,7,7,0,0,10,10,0,0,10,10,5,5,55,55,5,5,55,55,44,6,6,5,5,6,6,5,5,4,4,3,3,4,4,3,3,6,6,7,7,6,6,7,7,5,5,4,4,5,5,4,4,0,6,1,18,0,6,1,18,11,2,2,2,2,15,,
,nurburgring,488 Nurburg Race Academy.json,61,63,58,64,61,63,58,64,10,10,17,17,10,10,17,17,31,31,52,52,31,31,52,52,41,41,4,2,2,3,0,0,99,1,1,21,14,8,8,3,3,8,8,3,3,8,8,7,7,8,8,7,7,0,0,10,10,0,0,10,10,5,5,55,55,5,5,55,55,44,6,6,5,5,6,6,5,5,4,4,3,3,4,4,3,3,6,6,7,7,6,6,7,7,5,5,4,4,5,5,4,4,0,6,1,18,0,6,1,18,11,2,2,2,2,15,,
,Paul_Ricard,112 Agg stable 1 55.json,58,65,58,64,58,65,58,64,16,12,14,14,16,12,14,14,35,35,45,45,35,35,45,45,46,46,7,3,3,6,0,0,32,0,0,30,1,8,8,1,1,8,8,1,1,10,10,2,2,10,10,2,2,0,0,10,10,0,0,10,10,1,1,50,50,1,1,50,50,47,9,9,5,5,9,9,5,5,3,3,4,4,3,3,4,4,5,5,5,5,5,5,5,5,6,6,6,6,6,6,6,6,2,6,1,18,2,6,1,18,2,3,2,3,2,23,,
,Paul_Ricard,488 Paul Ricard Qualifying Academy.json,45,50,40,46,45,50,40,46,12,12,14,14,12,12,14,14,26,26,50,50,26,26,50,50,46,46,4,3,3,4,0,0,63,1,1,22,18,7,7,6,6,7,7,6,6,9,9,7,7,9,9,7,7,0,0,10,10,0,0,10,10,8,8,50,50,8,8,50,50,50,7,7,5,5,7,7,5,5,3,3,4,4,3,3,4,4,7,7,4,4,7,7,4,4,5,5,4,4,5,5,4,4,1,6,0,18,1,6,0,18,5,3,3,3,3,18,,
,Paul_Ricard,488 Paul Ricard Race Academy.json,55,55,50,50,55,55,50,50,14,14,16,16,14,14,16,16,20,20,49,49,20,20,49,49,46,46,4,2,3,3,0,0,38,1,1,40,15,5,5,5,5,5,5,5,5,7,7,7,7,7,7,7,7,0,0,10,10,0,0,10,10,5,5,9,10,5,5,9,10,55,8,8,5,5,8,8,5,5,4,4,4,4,4,4,4,4,5,5,5,5,5,5,5,5,6,6,6,6,6,6,6,6,0,6,0,18,0,6,0,18,5,4,4,4,4,16,,
,Silverstone,112 Agg 2 00 4.json,62,69,62,65,62,69,62,65,12,12,13,13,12,12,13,13,32,32,50,50,32,32,50,50,46,46,3,2,2,3,0,0,36,0,0,27,2,8,8,4,4,8,8,4,4,7,7,2,2,7,7,2,2,0,0,10,10,0,0,10,10,0,0,50,50,0,0,50,50,42,8,8,5,5,8,8,5,5,2,2,3,3,2,2,3,3,7,7,5,5,7,7,5,5,4,4,4,4,4,4,4,4,0,6,1,18,0,6,1,18,10,4,3,4,3,13,,
,Silverstone,488 Silverstone Quali Academy.json,57,63,55,59,57,63,55,59,10,10,12,12,10,10,12,12,32,32,51,51,32,32,51,51,46,46,4,2,2,2,0,0,0,0,0,27,4,5,5,3,3,5,5,3,3,9,9,7,7,9,9,7,7,0,0,10,10,0,0,10,10,0,0,50,50,0,0,50,50,50,6,6,4,4,6,6,4,4,2,2,3,3,2,2,3,3,7,7,5,5,7,7,5,5,4,4,4,4,4,4,4,4,0,6,8,18,0,6,8,18,13,2,2,2,2,13,,
,Silverstone,488 Silverstone Race Academy.json,57,63,55,59,57,63,55,59,10,10,12,12,10,10,12,12,34,34,53,53,34,34,53,53,46,46,4,2,2,2,0,0,91,0,0,24,20,7,7,5,5,7,7,5,5,9,9,10,10,9,9,10,10,0,0,10,10,0,0,10,10,0,0,50,50,0,0,50,50,45,6,6,5,5,6,6,5,5,2,2,3,3,2,2,3,3,7,7,6,6,7,7,6,6,4,4,3,3,4,4,3,3,0,6,4,18,0,6,4,18,10,2,2,2,2,14,,
,Silverstone,cold track 2 01 0.json,69,81,65,73,69,81,65,73,13,13,14,14,13,13,14,14,32,32,50,50,32,32,50,50,47,47,4,2,2,3,0,0,45,0,0,27,0,8,8,3,3,8,8,3,3,7,7,2,2,7,7,2,2,0,0,10,10,0,0,10,10,0,0,50,50,0,0,50,50,45,7,7,5,5,7,7,5,5,2,2,3,3,2,2,3,3,6,6,5,5,6,6,5,5,4,4,4,4,4,4,4,4,1,6,1,18,1,6,1,18,4,2,1,2,1,27,,
,Silverstone,cold track 2 02 0.json,68,75,63,68,68,75,63,68,14,14,18,18,14,14,18,18,32,32,50,50,32,32,50,50,46,46,3,2,2,3,0,0,53,0,0,44,34,8,8,4,4,8,8,4,4,7,7,2,2,7,7,2,2,0,0,10,10,0,0,10,10,0,0,50,50,0,0,50,50,45,8,8,5,5,8,8,5,5,2,2,3,3,2,2,3,3,7,7,5,5,7,7,5,5,4,4,4,4,4,4,4,4,0,6,1,18,0,6,1,18,10,2,1,2,1,1,,
,Spa,132 Consistent stable.json,68,68,63,53,68,68,63,53,17,17,18,18,17,17,18,18,29,29,54,54,29,29,54,54,49,49,4,2,2,2,0,0,40,0,0,27,1,8,8,3,3,8,8,3,3,7,7,2,2,7,7,2,2,0,0,10,10,0,0,10,10,0,0,50,50,0,0,50,50,56,8,8,6,6,8,8,6,6,2,2,3,3,2,2,3,3,4,4,3,3,4,4,3,3,4,4,4,4,4,4,4,4,2,6,2,18,2,6,2,18,12,3,2,3,2,15,,
,Spa,488 Spa Quali 1.5.json,65,70,63,65,65,70,63,65,10,10,12,12,10,10,12,12,28,28,55,55,28,28,55,55,46,46,4,3,3,4,0,0,12,3,3,28,15,6,6,5,5,6,6,5,5,9,9,2,2,9,9,2,2,0,0,10,10,0,0,10,10,2,2,50,50,2,2,50,50,47,7,7,5,5,7,7,5,5,3,3,3,3,3,3,3,3,8,8,6,6,8,8,6,6,4,4,4,4,4,4,4,4,0,6,0,18,0,6,0,18,6,2,2,2,2,15,,
,Spa,488 Spa Quali Academy.json,50,55,48,50,50,55,48,50,10,10,12,12,10,10,12,12,28,28,55,55,28,28,55,55,46,46,4,3,3,4,0,0,0,0,0,28,15,6,6,5,5,6,6,5,5,9,9,2,2,9,9,2,2,0,0,10,10,0,0,10,10,2,2,50,50,2,2,50,50,47,7,7,5,5,7,7,5,5,3,3,3,3,3,3,3,3,8,8,6,6,8,8,6,6,4,4,4,4,4,4,4,4,0,6,0,18,0,6,0,18,6,2,2,2,2,15,,
,Spa,488 Spa Race 20m 2 19 7.json,66,67,64,67,66,67,64,67,10,10,14,14,10,10,14,14,32,32,60,60,32,32,60,60,46,46,4,2,2,3,0,0,40,3,3,27,6,8,8,3,3,8,8,3,3,9,9,2,2,9,9,2,2,0,0,10,10,0,0,10,10,2,2,50,50,2,2,50,50,49,7,7,3,3,7,7,3,3,3,3,3,3,3,3,3,3,7,7,4,4,7,7,4,4,4,4,4,4,4,4,4,4,0,6,0,18,0,6,0,18,7,2,2,2,2,18,,
,Spa,488 Spa Race Academy.json,54,55,52,55,54,55,52,55,10,10,14,14,10,10,14,14,32,32,60,60,32,32,60,60,46,46,4,3,3,4,0,0,93,0,0,27,6,8,8,3,3,8,8,3,3,9,9,2,2,9,9,2,2,0,0,10,10,0,0,10,10,2,2,50,50,2,2,50,50,49,7,7,3,3,7,7,3,3,3,3,3,3,3,3,3,3,7,7,4,4,7,7,4,4,4,4,4,4,4,4,4,4,0,6,0,18,0,6,0,18,7,2,2,2,2,18,,
,Suzuka,132 Agg 2 02 9 barcelona.json,66,70,60,62,66,70,60,62,14,14,18,18,14,14,18,18,30,30,55,55,30,30,55,55,50,50,4,2,2,3,0,0,41,0,0,26,2,8,8,3,3,8,8,3,3,5,5,2,2,5,5,2,2,0,0,10,10,0,0,10,10,0,0,50,50,0,0,50,50,37,8,8,6,6,8,8,6,6,2,2,3,3,2,2,3,3,4,4,3,3,4,4,3,3,6,6,7,7,6,6,7,7,3,6,5,18,3,6,5,18,13,2,1,2,1,15,,
,Suzuka,132 Agg 2 02 9.json,66,70,60,62,66,70,60,62,20,20,13,13,20,20,13,13,25,25,65,65,25,25,65,65,53,53,3,2,2,3,0,0,41,0,0,20,15,8,8,5,5,8,8,5,5,9,9,2,2,9,9,2,2,0,0,10,10,0,0,10,10,0,0,50,50,0,0,50,50,40,8,8,4,4,8,8,4,4,4,4,6,6,4,4,6,6,11,11,5,5,11,11,5,5,6,6,7,7,6,6,7,7,2,6,2,18,2,6,2,18,10,2,1,2,1,13,,
,Suzuka,488 Suzuka Quali 20m.json,68,66,68,66,68,66,68,66,12,12,13,13,12,12,13,13,24,24,60,60,24,24,60,60,46,46,3,3,3,2,0,0,24,3,3,25,22,7,7,5,5,7,7,5,5,9,9,2,2,9,9,2,2,0,0,10,10,0,0,10,10,2,2,50,50,2,2,50,50,53,6,6,4,4,6,6,4,4,4,4,5,4,4,4,5,4,7,7,5,5,7,7,5,5,6,6,5,5,6,6,5,5,1,6,7,18,1,6,7,18,12,3,3,3,3,4,,
,Suzuka,488 Suzuka Quali Academy.json,56,54,53,51,56,54,53,51,12,12,13,13,12,12,13,13,24,24,60,60,24,24,60,60,46,46,4,3,3,2,0,0,20,0,0,25,22,7,7,5,5,7,7,5,5,9,9,2,2,9,9,2,2,0,0,10,10,0,0,10,10,2,2,50,50,2,2,50,50,53,6,6,4,4,6,6,4,4,4,4,5,4,4,4,5,4,7,7,5,5,7,7,5,5,6,6,5,5,6,6,5,5,1,6,7,18,1,6,7,18,12,3,3,3,3,4,,
,Suzuka,488 Suzuka Race 20m.json,70,68,67,65,70,68,67,65,12,12,15,15,12,12,15,15,28,28,62,62,28,28,62,62,46,46,4,3,3,2,0,0,33,3,3,24,18,7,7,5,5,7,7,5,5,9,9,2,2,9,9,2,2,0,0,10,10,0,0,10,10,5,5,50,50,5,5,50,50,53,7,7,5,5,7,7,5,5,4,4,5,4,4,4,5,4,7,7,5,5,7,7,5,5,6,6,5,5,6,6,5,5,0,6,4,18,0,6,4,18,13,2,2,2,2,9,,
,Suzuka,488 Suzuka Race Academy.json,56,54,53,51,56,54,53,51,12,12,15,15,12,12,15,15,28,28,62,62,28,28,62,62,46,46,4,3,3,2,0,0,90,0,0,24,18,7,7,5,5,7,7,5,5,9,9,2,2,9,9,2,2,0,0,10,10,0,0,10,10,5,5,50,50,5,5,50,50,53,7,7,5,5,7,7,5,5,4,4,5,4,4,4,5,4,7,7,5,5,7,7,5,5,6,6,5,5,6,6,5,5,0,6,4,18,0,6,4,18,13,3,3,3,3,9,,
,Zandvoort,121 Agg.json,50,57,47,48,50,57,47,48,12,12,13,13,12,12,13,13,30,30,60,60,30,30,60,60,46,46,6,3,3,4,0,0,36,0,0,24,11,8,8,2,2,8,8,2,2,7,7,2,2,7,7,2,2,0,0,10,10,0,0,10,10,2,2,50,50,2,2,50,50,47,6,6,5,5,6,6,5,5,2,2,3,3,2,2,3,3,5,5,5,5,5,5,5,5,4,4,4,4,4,4,4,4,0,6,2,18,0,6,2,18,11,3,2,3,2,18,,
,Zandvoort,132 Agg.json,61,76,67,69,61,76,67,69,17,17,16,16,17,17,16,16,30,30,55,55,30,30,55,55,46,46,3,2,2,3,0,0,28,0,0,26,2,8,8,4,4,8,8,4,4,7,7,2,2,7,7,2,2,0,0,10,10,0,0,10,10,2,2,50,50,2,2,50,50,40,6,6,5,5,6,6,5,5,2,2,3,3,2,2,3,3,5,5,5,5,5,5,5,5,4,4,4,4,4,4,4,4,3,6,5,18,3,6,5,18,13,2,1,2,1,15,,
,Zandvoort,488 Zandvoort Quali Academy.json,50,57,47,48,50,57,47,48,10,10,12,12,10,10,12,12,27,27,50,50,27,27,50,50,46,46,4,3,3,4,0,0,0,0,0,20,10,7,7,2,2,7,7,2,2,8,8,2,2,8,8,2,2,0,0,10,10,0,0,10,10,3,3,50,50,3,3,50,50,46,6,6,4,4,6,6,4,4,2,2,3,3,2,2,3,3,6,6,6,6,6,6,6,6,3,3,5,5,3,3,5,5,0,6,5,18,0,6,5,18,13,2,2,2,2,7,,
,Zandvoort,488 Zandvoort Race Academy.json,50,57,47,55,50,57,47,55,12,12,14,14,12,12,14,14,30,30,54,54,30,30,54,54,46,46,4,3,3,4,0,0,89,0,0,21,8,7,7,3,3,7,7,3,3,8,8,2,2,8,8,2,2,0,0,10,10,0,0,10,10,3,3,55,55,3,3,55,55,46,6,6,5,5,6,6,5,5,2,2,3,3,2,2,3,3,7,7,6,6,7,7,6,6,3,3,4,4,3,3,4,4,1,6,3,18,1,6,3,18,12,3,2,3,2,12,,
,Zandvoort,Agg 1 37 8.json,60,67,60,60,60,67,60,60,12,12,13,13,12,12,13,13,30,30,60,60,30,30,60,60,46,46,4,3,3,4,0,0,37,undefined,undefined,26,3,8,8,1,1,8,8,1,1,7,7,2,2,7,7,2,2,0,0,10,10,0,0,10,10,2,2,50,50,2,2,50,50,47,6,6,5,5,6,6,5,5,2,2,3,3,2,2,3,3,5,5,5,5,5,5,5,5,4,4,4,4,4,4,4,4,0,6,2,18,0,6,2,18,11,3,2,3,2,23,,
,Zandvoort,Agg stiffer 1 37 7.json,53,67,53,65,53,67,53,65,18,15,15,13,18,15,15,13,30,30,60,60,30,30,60,60,46,46,5,2,3,3,0,0,38,undefined,undefined,38,22,8,8,1,1,8,8,1,1,7,7,2,2,7,7,2,2,0,0,10,10,0,0,10,10,2,2,50,50,2,2,50,50,41,6,6,5,5,6,6,5,5,2,2,3,3,2,2,3,3,5,5,5,5,5,5,5,5,4,4,4,4,4,4,4,4,2,6,4,18,2,6,4,18,11,3,2,3,2,23,,
,Zandvoort,Aggr 1 40 2.json,60,67,60,60,60,67,60,60,12,12,13,13,12,12,13,13,30,30,60,60,30,30,60,60,46,46,4,3,3,4,0,0,37,undefined,undefined,24,3,8,8,1,1,8,8,1,1,7,7,2,2,7,7,2,2,0,0,10,10,0,0,10,10,2,2,50,50,2,2,50,50,53,6,6,5,5,6,6,5,5,2,2,3,3,2,2,3,3,5,5,5,5,5,5,5,5,4,4,4,4,4,4,4,4,0,6,2,18,0,6,2,18,11,3,2,3,2,18,,
,Zolder,112 Agg 1 30 9.json,65,68,64,66,65,68,64,66,16,16,17,17,16,16,17,17,32,32,50,50,32,32,50,50,48,48,3,3,5,4,0,0,33,0,0,23,2,8,8,3,3,8,8,3,3,7,7,2,2,7,7,2,2,0,0,10,10,0,0,10,10,0,0,50,50,0,0,50,50,42,8,8,5,5,8,8,5,5,2,2,3,3,2,2,3,3,7,7,5,5,7,7,5,5,4,4,4,4,4,4,4,4,0,6,0,18,0,6,0,18,10,3,2,3,2,15,,
,Zolder,112 Agg.json,60,65,59,61,60,65,59,61,12,12,13,13,12,12,13,13,32,32,50,50,32,32,50,50,46,46,4,3,3,4,0,0,40,undefined,undefined,27,2,8,8,3,3,8,8,3,3,7,7,2,2,7,7,2,2,0,0,10,10,0,0,10,10,0,0,50,50,0,0,50,50,45,8,8,5,5,8,8,5,5,2,2,3,3,2,2,3,3,7,7,5,5,7,7,5,5,4,4,4,4,4,4,4,4,0,6,0,18,0,6,0,18,10,3,3,3,3,15,,
,Zolder,488 Zolder Quali Academy.json,50,55,48,50,50,55,48,50,12,12,13,13,12,12,13,13,30,30,50,50,30,30,50,50,46,46,4,3,2,2,0,0,0,0,0,20,6,7,7,4,4,7,7,4,4,9,9,5,5,9,9,5,5,0,0,10,10,0,0,10,10,5,5,50,50,5,5,50,50,42,8,8,5,5,8,8,5,5,3,3,3,3,3,3,3,3,7,7,6,6,7,7,6,6,4,4,4,4,4,4,4,4,1,6,3,18,1,6,3,18,13,4,4,4,4,14,,
,Zolder,488 Zolder Race Academy.json,50,55,48,50,50,55,48,50,12,12,13,13,12,12,13,13,32,32,52,52,32,32,52,52,46,46,4,3,2,2,0,0,97,0,0,22,6,8,8,3,3,8,8,3,3,7,7,5,5,7,7,5,5,0,0,10,10,0,0,10,10,5,5,50,50,5,5,50,50,42,7,7,5,5,7,7,5,5,4,4,3,3,4,4,3,3,7,7,6,6,7,7,6,6,5,5,4,4,5,5,4,4,1,6,2,18,1,6,2,18,12,3,3,3,3,15,,
,Zolder,Agg 1 31 0.json,62,63,56,56,62,63,56,56,15,15,14,14,15,15,14,14,35,35,45,45,35,35,45,45,46,46,4,5,5,5,0,0,22,undefined,undefined,39,26,7,7,2,2,7,7,2,2,3,3,5,5,3,3,5,5,0,0,10,10,0,0,10,10,1,1,41,41,1,1,41,41,37,9,9,5,5,9,9,5,5,3,3,4,4,3,3,4,4,5,5,5,5,5,5,5,5,6,6,6,6,6,6,6,6,1,6,4,18,1,6,4,18,14,2,2,2,2,4,,